batch_id,batch_status,condition,snr_db,recordings,confidence_mean,detection_rate
1,done,original,inf,852,0.7949913462441315,0.9988262910798122
1,done,20 dB,20.0,852,0.7372665025821595,0.9737089201877934
1,done,10 dB,10.0,852,0.6711178072769952,0.9307511737089202
1,done,5 dB,5.0,852,0.6212402420187793,0.8964788732394365
1,done,0 dB,0.0,852,0.5521737239436619,0.8291079812206572
2,done,original,inf,1594,0.7675553550815558,0.998745294855709
2,done,20 dB,20.0,1594,0.7099364376411543,0.965370138017566
2,done,10 dB,10.0,1594,0.6451428414052698,0.916060225846926
2,done,5 dB,5.0,1594,0.5960534851944792,0.875784190715182
2,done,0 dB,0.0,1594,0.5257595703889585,0.8057716436637391
3,done,original,inf,1642,0.7638524116930573,0.9987819732034104
3,done,20 dB,20.0,1642,0.7068694348355663,0.964068209500609
3,done,10 dB,10.0,1642,0.6432083140073082,0.9151035322777102
3,done,5 dB,5.0,1642,0.5948903833130328,0.8745432399512789
3,done,0 dB,0.0,1642,0.5252338701583434,0.8054811205846528
4,done,original,inf,2453,0.7709380489196902,0.9983693436608235
4,done,20 dB,20.0,2453,0.7207722755809213,0.9646147574398697
4,done,10 dB,10.0,2453,0.6641144077456176,0.9211577660008153
4,done,5 dB,5.0,2453,0.6179061302079086,0.8827558092132084
4,done,0 dB,0.0,2453,0.5522514184264167,0.819649408887077
5,done,original,inf,2533,0.7711283864982235,0.9984208448480063
5,done,20 dB,20.0,2533,0.7213897441768654,0.9649427556257404
5,done,10 dB,10.0,2533,0.6651858315041453,0.9212001579155152
5,done,5 dB,5.0,2533,0.619533392814844,0.882747729964469
5,done,0 dB,0.0,2533,0.5548315407816817,0.8198183971575207
6,done,original,inf,2610,0.7725420888888889,0.9984674329501916
6,done,20 dB,20.0,2610,0.7232023800766283,0.9651340996168583
6,done,10 dB,10.0,2610,0.6677218056704981,0.921455938697318
6,done,5 dB,5.0,2610,0.6220241473563218,0.8831417624521073
6,done,0 dB,0.0,2610,0.5579694743295018,0.8208429118773947
7,done,original,inf,2688,0.7729288991815476,0.9985119047619048
7,done,20 dB,20.0,2688,0.7235914069940476,0.9652529761904763
7,done,10 dB,10.0,2688,0.6684862049107143,0.9212053571428571
7,done,5 dB,5.0,2688,0.6232390273809523,0.8834077380952381
7,done,0 dB,0.0,2688,0.5590796238095238,0.821577380952381
8,running,original,inf,2937,0.7784285076608783,0.9986380660537963
8,running,20 dB,20.0,2937,0.7309088518896834,0.9662921348314607
8,running,10 dB,10.0,2937,0.6760127889002383,0.9222335716717739
8,running,5 dB,5.0,2937,0.6310412527749404,0.8853932584269664
8,running,0 dB,0.0,2937,0.5675305791624107,0.8247871978209057
