target_species,recordings
Illadopsis distans_Tanzanian Illadopsis,315
Crypturellus cinereus_Cinereous Tinamou,287
Tinamus major_Great Tinamou,156
Pyriglena maura_Western Fire-eye,134
Crypturellus soui_Little Tinamou,126
Saltator grandis_Cinnamon-bellied Saltator,108
Prinia lepida_Delicate Prinia,102
Basileuterus delattrii_Chestnut-capped Warbler,88
Platysmurus aterrimus_Bornean Black Magpie,79
Tinamus solitarius_Solitary Tinamou,77
Grallaria saturata_Equatorial Antpitta,73
Polioptila bilineata_White-browed Gnatcatcher,70
Tinamus tao_Grey Tinamou,67
Chloropsis moluccensis_Blue-winged Leafbird,66
Saltator olivascens_Olive-grey Saltator,64
Pellorneum nigrocapitatum_Malayan Black-capped Babbler,57
Pomatorhinus bornensis_Sunda Scimitar Babbler,56
Tinamus guttatus_White-throated Tinamou,54
Nothocercus julius_Tawny-breasted Tinamou,52
Nothocercus bonapartei_Highland Tinamou,44
Struthio camelus_Common Ostrich,40
Grallaria cajamarcae_Cajamarca Antpitta,38
Scytalopus intermedius_Utcubamba Tapaculo,37
Larus brachyrhynchus_Short-billed Gull,36
Pitta concinna_Ornate Pitta,33
Delichon lagopodum_Siberian House Martin,31
Pellorneum capistratoides_Bornean Black-capped Babbler,31
Scytalopus androstictus_Loja Tapaculo,29
Grallaria cochabambae_Bolivian Antpitta,27
Penelope bridgesi_Yungas Guan,27
Corvus samarensis_Samar Crow,26
Rhea americana_Greater Rhea,25
Alaudala heinei_Turkestan Short-toed Lark,24
Gallinago magellanica_Magellanic Snipe,24
Larvivora namiyei_Okinawa Robin,24
Euphonia godmani_West Mexican Euphonia,23
Phylloscopus nesophilus_Sulawesi Leaf Warbler,23
Apteryx mantelli_North Island Brown Kiwi,22
Ficedula owstoni_Ryukyu Flycatcher,22
Casuarius casuarius_Southern Cassowary,21
Grallaria spatiator_Sierra Nevada Antpitta,20
Pyriglena similis_Tapajos Fire-eye,20
Crypturellus berlepschi_Berlepsch's Tinamou,19
Dromaius novaehollandiae_Emu,19
Nothocercus nigrocapillus_Hooded Tinamou,19
Rallus aquaticus_Water Rail,18
Tinamus osgoodi_Black Tinamou,18
Corvus pusillus_Palawan Crow,17
Grallaria saltuensis_Perija Antpitta,16
Merops cyanophrys_Arabian Green Bee-eater,16
Merops viridissimus_African Green Bee-eater,16
Treron permagnus_Ryukyu Green Pigeon,16
Bleda ugandae_Yellow-eyed Bristlebill,15
Bubo milesi_Arabian Eagle-Owl,15
Eremalauda eremodites_Arabian Lark,15
Petroica polymorpha_Solomons Robin,15
Synallaxis chinchipensis_Chinchipe Spinetail,15
Trachyphonus usambiro_Usambiro Barbet,15
Chloropsis lazulina_Chloropsis lazulina,14
Copsychus superciliaris_Visayan Shama,14
Grallaria occabambae_Urubamba Antpitta,14
Apalis flavocincta_Brown-tailed Apalis,13
Ducula cuprea_Malabar Imperial Pigeon,12
Heteromyias armiti_Black-capped Robin,12
Grallaria obscura_Junin Antpitta,11
Oriolus finschi_Wetar Oriole,11
Oenanthe seebohmi_Atlas Wheatear,10
Pitta vigorsii_Banda Sea Pitta,10
Pyrrhula owstoni_Taiwan Bullfinch,10
Alophoixus ruficrissus_Penan Bulbul,9
Apteryx owenii_Little Spotted Kiwi,9
Coturnix coturnix_Common Quail,9
Carterornis castus_Tanimbar Monarch,8
Otus mendeni_Banggai Scops Owl,8
Anthreptes tephrolaemus_Grey-chinned Sunbird,7
Ducula geelvinkiana_Geelvink Imperial Pigeon,7
Anser anser_Greylag Goose,6
Charmosyna stellae_Stella's Lorikeet,6
Cuculus canorus_Common Cuckoo,6
Turdus niveiceps_Taiwan Thrush,6
Anas crecca_Green-winged Teal,5
Apteryx rowi_Okarito Kiwi,5
Batis occulta_West African Batis,5
Columba palumbus_Common Wood Pigeon,5
Mulleripicus fuliginosus_Southern Sooty Woodpecker,5
Ptilinopus speciosus_Geelvink Fruit Dove,5
Pycnonotus leucops_Pale-faced Bulbul,5
Anas platyrhynchos_Mallard,4
Anser albifrons_Greater White-fronted Goose,4
Arremon dorbignii_Moss-backed Sparrow,4
Columba livia_Rock Dove,4
Cygnus olor_Mute Swan,4
Grallaria oneilli_Panao Antpitta,4
Hypsipetes catarmanensis_Camiguin Bulbul,4
Merops lafresnayii_Ethiopian Bee-eater,4
Rhea pennata_Lesser Rhea,4
Zosterops hamlini_Bougainville White-eye,4
Alopochen aegyptiaca_Egyptian Goose,3
Amytornis whitei_Pilbara Grasswren,3
Apteryx australis_Southern Brown Kiwi,3
Caprimulgus europaeus_European Nightjar,3
Cygnus cygnus_Whooper Swan,3
Ixos sumatranus_Sumatran Bulbul,3
Mareca strepera_Gadwall,3
Melanitta nigra_Common Scoter,3
Ortalis columbiana_Colombian Chachalaca,3
Rhynchospiza dabbenei_Yungas Sparrow,3
Sheppardia poensis_Short-tailed Akalat,3
Tadorna tadorna_Common Shelduck,3
Zosterops chrysolaemus_Black-fronted White-eye,3
Anser brachyrhynchus_Pink-footed Goose,2
Aramides cajaneus_Grey-cowled Wood Rail,2
Archilochus colubris_Ruby-throated Hummingbird,2
Aythya fuligula_Tufted Duck,2
Branta bernicla_Brant Goose,2
Branta canadensis_Canada Goose,2
Casuarius bennetti_Dwarf Cassowary,2
Cercococcyx mechowi_Dusky Long-tailed Cuckoo,2
Chrysococcyx cupreus_African Emerald Cuckoo,2
Clamator glandarius_Great Spotted Cuckoo,2
Colinus cristatus_Crested Bobwhite,2
Coua reynaudii_Red-fronted Coua,2
Crotophaga sulcirostris_Groove-billed Ani,2
Crypturellus undulatus_Undulated Tinamou,2
Eudynamys scolopaceus_Asian Koel,2
Gallus gallus_Red Junglefowl,2
Grallaria gravesi_Chachapoyas Antpitta,2
Heliornis fulica_Sungrebe,2
Hylocharis chrysura_Gilded Sapphire,2
Lophotis ruficrista_Red-crested Korhaan,2
Lycocorax obiensis_Obi Paradise-crow,2
Lyrurus tetrix_Black Grouse,2
Mareca penelope_Eurasian Wigeon,2
Nyctidromus albicollis_Pauraque,2
Patagioenas cayennensis_Pale-vented Pigeon,2
Ptilinopus chrysogaster_Raiatea Fruit Dove,2
Sarothrura pulchra_White-spotted Flufftail,2
Sephanoides sephaniodes_Green-backed Firecrown,2
Sitta insularis_Bahama Nuthatch,2
Spatula querquedula_Garganey,2
Spilopelia senegalensis_Laughing Dove,2
Streptopelia decaocto_Eurasian Collared Dove,2
Streptopelia dusumieri_Philippine Collared Dove,2
Talegalla jobiensis_Collared Brushturkey,2
Tetrastes bonasia_Hazel Grouse,2
Tympanuchus phasianellus_Sharp-tailed Grouse,2
Vulpes vulpes_Red Fox,2
Zenaida macroura_Mourning Dove,2
Aglaiocercus coelestis_Violet-tailed Sylph,1
Aglaiocercus kingii_Long-tailed Sylph,1
Aix galericulata_Mandarin Duck,1
Alectoris graeca_Rock Partridge,1
Alectoris melanocephala_Arabian Partridge,1
Alectoris philbyi_Philby's Partridge,1
Alectoris rufa_Red-legged Partridge,1
Amaurolimnas concolor_Uniform Crake,1
Amazilia rutila_Cinnamon Hummingbird,1
Amazilia tzacatl_Rufous-tailed Hummingbird,1
Anas acuta_Northern Pintail,1
Anas undulata_Yellow-billed Duck,1
Anhima cornuta_Horned Screamer,1
Anser rossii_Ross's Goose,1
Antrostomus ridgwayi_Buff-collared Nightjar,1
Apus apus_Common Swift,1
Apus pallidus_Pallid Swift,1
Apus salimalii_Salim Ali's Swift,1
Aramides saracura_Slaty-breasted Wood Rail,1
Aramides ypecaha_Giant Wood Rail,1
Augastes lumachella_Hooded Visorbearer,1
Augastes scutatus_Hyacinth Visorbearer,1
Batrachostomus hodgsoni_Hodgson's Frogmouth,1
Batrachostomus poliolophus_Sumatran Frogmouth,1
Boissonneaua flavescens_Buff-tailed Coronet,1
Branta leucopsis_Barnacle Goose,1
Bucephala clangula_Common Goldeneye,1
Callonetta leucophrys_Ringed Teal,1
Calypte anna_Anna's Hummingbird,1
Caprimulgus affinis_Savanna Nightjar,1
Caprimulgus asiaticus_Indian Nightjar,1
Caprimulgus climacurus_Long-tailed Nightjar,1
Caprimulgus jotaka_Grey Nightjar,1
Caprimulgus macrurus_Large-tailed Nightjar,1
Caprimulgus nubicus_Nubian Nightjar,1
Carpococcyx renauldi_Coral-billed Ground Cuckoo,1
Centropus toulou_Malagasy Coucal,1
Cercococcyx montanus_Barred Long-tailed Cuckoo,1
Cercococcyx olivinus_Olive Long-tailed Cuckoo,1
Cereopsis novaehollandiae_Cape Barren Goose,1
Chaetura spinicaudus_Band-rumped Swift,1
Chlorostilbon gibsoni_Red-billed Emerald,1
Chlorostilbon lucidus_Glittering-bellied Emerald,1
Chordeiles minor_Common Nighthawk,1
Chrysuronia versicolor_Versicolored Emerald,1
Clamator jacobinus_Jacobin Cuckoo,1
Claravis pretiosa_Blue Ground Dove,1
Coccyzus melacoryphus_Dark-billed Cuckoo,1
Colibri coruscans_Sparkling Violetear,1
Colibri cyanotus_Lesser Violetear,1
Colibri thalassinus_Mexican Violetear,1
Colinus virginianus_Northern Bobwhite,1
Columba guinea_Speckled Pigeon,1
Columba oenas_Stock Dove,1
Columbina talpacoti_Ruddy Ground Dove,1
Coua cristata_Crested Coua,1
Coua cursor_Running Coua,1
Coua ruficeps_Red-capped Coua,1
Crotophaga ani_Smooth-billed Ani,1
Crypturellus noctivagus_Yellow-legged Tinamou,1
Crypturellus strigulosus_Brazilian Tinamou,1
Cuculus clamosus_Black Cuckoo,1
Cuculus gularis_African Cuckoo,1
Cuculus lepidus_Sunda Cuckoo,1
Cuculus optatus_Oriental Cuckoo,1
Cuculus solitarius_Red-chested Cuckoo,1
Cygnus columbianus_Tundra Swan,1
Dendrocygna autumnalis_Black-bellied Whistling Duck,1
Dicrurus palawanensis_Palawan Drongo,1
Doryfera johannae_Blue-fronted Lancebill,1
Dromococcyx pavoninus_Pavonine Cuckoo,1
Ducula bicolor_Pied Imperial Pigeon,1
Ducula goliath_Goliath Imperial Pigeon,1
Ducula pistrinaria_Island Imperial Pigeon,1
Epidalea calamita_Natterjack Toad,1
Gallicolumba luzonica_Luzon Bleeding-heart,1
Geopelia striata_Zebra Dove,1
Guira guira_Guira Cuckoo,1
Heliangelus amethysticollis_Amethyst-throated Sunangel,1
Heliomaster longirostris_Long-billed Starthroat,1
Hierococcyx nisicolor_Hodgson's Hawk-Cuckoo,1
Hierococcyx sparverioides_Large Hawk-Cuckoo,1
Histrionicus histrionicus_Harlequin Duck,1
Lampornis clemenciae_Blue-throated Mountaingem,1
Leptotila rufaxilla_Grey-fronted Dove,1
Leucosarcia melanoleuca_Wonga Pigeon,1
Lophophorus impejanus_Himalayan Monal,1
Lophotis savilei_Savile's Bustard,1
Lophura swinhoii_Swinhoe's Pheasant,1
Lurocalis semitorquatus_Short-tailed Nighthawk,1
Lyncornis macrotis_Great Eared Nightjar,1
Macropygia phasianella_Brown Cuckoo-Dove,1
Macropygia unchall_Barred Cuckoo-Dove,1
Megapodius cumingii_Philippine Megapode,1
Megapodius geelvinkianus_Biak Scrubfowl,1
Melanitta fusca_Velvet Scoter,1
Meleagris gallopavo_Wild Turkey,1
Mergus merganser_Common Merganser,1
Mitu tuberosum_Razor-billed Curassow,1
Nothoprocta pentlandii_Andean Tinamou,1
Nothoprocta perdicaria_Chilean Tinamou,1
Nyctibius griseus_Common Potoo,1
Nyctibius jamaicensis_Northern Potoo,1
Nyctiphrynus rosenbergi_Choco Poorwill,1
Ocreatus underwoodii_White-booted Racket-tail,1
Odontophorus capueira_Spot-winged Wood Quail,1
Ortalis motmot_Little Chachalaca,1
Ortalis squamata_Scaled Chachalaca,1
Ortalis wagleri_Rufous-bellied Chachalaca,1
Pachycephala fuliginosa_Western Whistler,1
Patagioenas plumbea_Plumbeous Pigeon,1
Penelope jacquacu_Spix's Guan,1
Perdix dauurica_Daurian Partridge,1
Perdix perdix_Grey Partridge,1
Phaeoptila sordida_Dusky Hummingbird,1
Phaethornis guy_Green Hermit,1
Phaethornis koepckeae_Koepcke's Hermit,1
Phaethornis nattereri_Cinnamon-throated Hermit,1
Phaethornis striigularis_Stripe-throated Hermit,1
Phasianus colchicus_Common Pheasant,1
Phlogophilus hemileucurus_Ecuadorian Piedtail,1
Podargus strigoides_Tawny Frogmouth,1
Polyplectron germaini_Germain's Peacock-Pheasant,1
Pternistis bicalcaratus_Double-spurred Spurfowl,1
Ptilinopus melanospilus_Black-naped Fruit Dove,1
Ptilinopus wallacii_Wallace's Fruit Dove,1
Pucrasia macrolopha_Koklass Pheasant,1
Rallus limicola_Virginia Rail,1
Rhabdornis rabori_Visayan Rhabdornis,1
Rhaphidura leucopygialis_Silver-rumped Spinetail,1
Rollulus rouloul_Crested Partridge,1
Scythrops novaehollandiae_Channel-billed Cuckoo,1
Somateria mollissima_Common Eider,1
Spilopelia chinensis_Spotted Dove,1
Steatornis caripensis_Oilbird,1
Streptopelia turtur_European Turtle Dove,1
Streptopelia vinacea_Vinaceous Dove,1
Streptoprocne rutila_Chestnut-collared Swift,1
Syrrhaptes paradoxus_Pallas's Sandgrouse,1
Tachymarptis melba_Alpine Swift,1
Tapera naevia_Striped Cuckoo,1
Tauraco livingstonii_Livingstone's Turaco,1
Tauraco schalowi_Schalow's Turaco,1
Tetrao urogallus_Western Capercaillie,1
Thalurania glaucopis_Violet-capped Woodnymph,1
Turtur chalcospilos_Emerald-spotted Wood Dove,1
Turtur tympanistria_Tambourine Dove,1
Zenaida asiatica_White-winged Dove,1
