input,start_time,end_time,species_name,confidence
soundscape.wav,00:00:00.00,00:00:03.00,Poecile atricapillus_Black-capped Chickadee,0.918447
soundscape.wav,00:00:00.00,00:00:03.00,Haemorhous mexicanus_House Finch,0.454121
soundscape.wav,00:00:03.00,00:00:06.00,Poecile atricapillus_Black-capped Chickadee,0.848895
soundscape.wav,00:00:06.00,00:00:09.00,Haemorhous mexicanus_House Finch,0.746441
soundscape.wav,00:00:06.00,00:00:09.00,Junco hyemalis_Dark-eyed Junco,0.55595
soundscape.wav,00:00:06.00,00:00:09.00,Baeolophus bicolor_Tufted Titmouse,0.148129
soundscape.wav,00:00:09.00,00:00:12.00,Haemorhous mexicanus_House Finch,0.870967
soundscape.wav,00:00:12.00,00:00:15.00,Haemorhous mexicanus_House Finch,0.697031
soundscape.wav,00:00:12.00,00:00:15.00,Junco hyemalis_Dark-eyed Junco,0.402157
soundscape.wav,00:00:15.00,00:00:18.00,Cyanocitta cristata_Blue Jay,0.841315
soundscape.wav,00:00:15.00,00:00:18.00,Haemorhous mexicanus_House Finch,0.419394
soundscape.wav,00:00:18.00,00:00:21.00,Cyanocitta cristata_Blue Jay,0.738272
soundscape.wav,00:00:21.00,00:00:24.00,Cyanocitta cristata_Blue Jay,0.902759
soundscape.wav,00:00:21.00,00:00:24.00,Haemorhous mexicanus_House Finch,0.36759
soundscape.wav,00:00:24.00,00:00:27.00,Cyanocitta cristata_Blue Jay,0.711101
soundscape.wav,00:00:24.00,00:00:27.00,Haemorhous mexicanus_House Finch,0.340797
soundscape.wav,00:00:27.00,00:00:30.00,Junco hyemalis_Dark-eyed Junco,0.898176
soundscape.wav,00:00:27.00,00:00:30.00,Cyanocitta cristata_Blue Jay,0.625864
soundscape.wav,00:00:27.00,00:00:30.00,Loxia curvirostra_Red Crossbill,0.501116
soundscape.wav,00:00:27.00,00:00:30.00,Cardinalis cardinalis_Northern Cardinal,0.111017
soundscape.wav,00:00:27.00,00:00:30.00,Haemorhous mexicanus_House Finch,0.109408
soundscape.wav,00:00:30.00,00:00:33.00,Haemorhous mexicanus_House Finch,0.86477
soundscape.wav,00:00:30.00,00:00:33.00,Junco hyemalis_Dark-eyed Junco,0.692868
soundscape.wav,00:00:30.00,00:00:33.00,Cyanocitta cristata_Blue Jay,0.379958
soundscape.wav,00:00:30.00,00:00:33.00,Melospiza melodia_Song Sparrow,0.121321
soundscape.wav,00:00:33.00,00:00:36.00,Junco hyemalis_Dark-eyed Junco,0.94942
soundscape.wav,00:00:33.00,00:00:36.00,Haemorhous mexicanus_House Finch,0.843973
soundscape.wav,00:00:33.00,00:00:36.00,Cyanocitta cristata_Blue Jay,0.828368
soundscape.wav,00:00:36.00,00:00:39.00,Junco hyemalis_Dark-eyed Junco,0.921445
soundscape.wav,00:00:36.00,00:00:39.00,Cyanocitta cristata_Blue Jay,0.891247
soundscape.wav,00:00:36.00,00:00:39.00,Haemorhous mexicanus_House Finch,0.536305
soundscape.wav,00:00:39.00,00:00:42.00,Haemorhous mexicanus_House Finch,0.771806
soundscape.wav,00:00:39.00,00:00:42.00,Junco hyemalis_Dark-eyed Junco,0.763483
soundscape.wav,00:00:39.00,00:00:42.00,Cyanocitta cristata_Blue Jay,0.100055
soundscape.wav,00:00:42.00,00:00:45.00,Junco hyemalis_Dark-eyed Junco,0.933605
soundscape.wav,00:00:42.00,00:00:45.00,Cyanocitta cristata_Blue Jay,0.463721
soundscape.wav,00:00:42.00,00:00:45.00,Haemorhous mexicanus_House Finch,0.4085
soundscape.wav,00:00:42.00,00:00:45.00,Thryothorus ludovicianus_Carolina Wren,0.110129
soundscape.wav,00:00:42.00,00:00:45.00,Charadrius vociferus_Killdeer,0.103437
soundscape.wav,00:00:45.00,00:00:48.00,Junco hyemalis_Dark-eyed Junco,0.881545
soundscape.wav,00:00:45.00,00:00:48.00,Cyanocitta cristata_Blue Jay,0.771868
soundscape.wav,00:00:45.00,00:00:48.00,Haemorhous mexicanus_House Finch,0.300855
soundscape.wav,00:00:48.00,00:00:51.00,Cyanocitta cristata_Blue Jay,0.628812
soundscape.wav,00:00:48.00,00:00:51.00,Haemorhous mexicanus_House Finch,0.576784
soundscape.wav,00:00:48.00,00:00:51.00,Spinus tristis_American Goldfinch,0.22703
soundscape.wav,00:00:51.00,00:00:54.00,Haemorhous mexicanus_House Finch,0.821546
soundscape.wav,00:00:51.00,00:00:54.00,Cardinalis cardinalis_Northern Cardinal,0.25316
soundscape.wav,00:00:54.00,00:00:57.00,Haemorhous mexicanus_House Finch,0.766073
soundscape.wav,00:00:54.00,00:00:57.00,Poecile atricapillus_Black-capped Chickadee,0.748559
soundscape.wav,00:00:57.00,00:01:00.00,Cyanocitta cristata_Blue Jay,0.640315
soundscape.wav,00:00:57.00,00:01:00.00,Haemorhous mexicanus_House Finch,0.635785
soundscape.wav,00:01:00.00,00:01:03.00,Junco hyemalis_Dark-eyed Junco,0.886598
soundscape.wav,00:01:00.00,00:01:03.00,Cyanocitta cristata_Blue Jay,0.783478
soundscape.wav,00:01:00.00,00:01:03.00,Haemorhous mexicanus_House Finch,0.677207
soundscape.wav,00:01:03.00,00:01:06.00,Junco hyemalis_Dark-eyed Junco,0.911049
soundscape.wav,00:01:03.00,00:01:06.00,Haemorhous mexicanus_House Finch,0.745371
soundscape.wav,00:01:06.00,00:01:09.00,Haemorhous mexicanus_House Finch,0.509028
soundscape.wav,00:01:09.00,00:01:12.00,Haemorhous mexicanus_House Finch,0.849821
soundscape.wav,00:01:12.00,00:01:15.00,Haemorhous mexicanus_House Finch,0.624384
soundscape.wav,00:01:15.00,00:01:18.00,Haemorhous purpureus_Purple Finch,0.138383
soundscape.wav,00:01:18.00,00:01:21.00,Haemorhous mexicanus_House Finch,0.820499
soundscape.wav,00:01:21.00,00:01:24.00,Cardinalis cardinalis_Northern Cardinal,0.824162
soundscape.wav,00:01:21.00,00:01:24.00,Haemorhous mexicanus_House Finch,0.676305
soundscape.wav,00:01:21.00,00:01:24.00,Turdus migratorius_American Robin,0.11678
soundscape.wav,00:01:24.00,00:01:27.00,Haemorhous mexicanus_House Finch,0.751223
soundscape.wav,00:01:24.00,00:01:27.00,Cardinalis cardinalis_Northern Cardinal,0.704042
soundscape.wav,00:01:24.00,00:01:27.00,Vireo griseus_White-eyed Vireo,0.336605
soundscape.wav,00:01:27.00,00:01:30.00,Cardinalis cardinalis_Northern Cardinal,0.218786
soundscape.wav,00:01:27.00,00:01:30.00,Haemorhous mexicanus_House Finch,0.141683
soundscape.wav,00:01:30.00,00:01:33.00,Spinus tristis_American Goldfinch,0.807292
soundscape.wav,00:01:30.00,00:01:33.00,Poecile atricapillus_Black-capped Chickadee,0.356089
soundscape.wav,00:01:33.00,00:01:36.00,Haemorhous mexicanus_House Finch,0.580343
soundscape.wav,00:01:33.00,00:01:36.00,Spinus tristis_American Goldfinch,0.402876
soundscape.wav,00:01:36.00,00:01:39.00,Spinus tristis_American Goldfinch,0.838014
soundscape.wav,00:01:36.00,00:01:39.00,Haemorhous mexicanus_House Finch,0.568056
soundscape.wav,00:01:39.00,00:01:42.00,Haemorhous mexicanus_House Finch,0.722762
soundscape.wav,00:01:42.00,00:01:45.00,Haemorhous mexicanus_House Finch,0.714395
soundscape.wav,00:01:42.00,00:01:45.00,Poecile atricapillus_Black-capped Chickadee,0.285453
soundscape.wav,00:01:45.00,00:01:48.00,Poecile atricapillus_Black-capped Chickadee,0.86647
soundscape.wav,00:01:45.00,00:01:48.00,Haemorhous mexicanus_House Finch,0.235801
soundscape.wav,00:01:45.00,00:01:48.00,Vireo olivaceus_Red-eyed Vireo,0.164039
soundscape.wav,00:01:48.00,00:01:51.00,Haemorhous mexicanus_House Finch,0.290829
soundscape.wav,00:01:54.00,00:01:57.00,Haemorhous mexicanus_House Finch,0.125349
soundscape.wav,00:01:54.00,00:01:57.00,Cardinalis cardinalis_Northern Cardinal,0.109212
soundscape.wav,00:01:57.00,00:02:00.00,Spinus tristis_American Goldfinch,0.508494
soundscape.wav,00:01:57.00,00:02:00.00,Haemorhous mexicanus_House Finch,0.166895
